url,path,depth,keywords,filename_part,md_filename,discovered_at
https://fastapi.tiangolo.com/newsletter/,/newsletter/,1,newsletter,newsletter,001_newsletter.md,2025-06-24T21:02:13.339755
https://fastapi.tiangolo.com/az/,/az/,1,,az,002_az.md,2025-06-24T21:02:13.339785
https://fastapi.tiangolo.com/bn/,/bn/,1,,bn,003_bn.md,2025-06-24T21:02:13.339804
https://fastapi.tiangolo.com/de/,/de/,1,,de,004_de.md,2025-06-24T21:02:13.339820
https://fastapi.tiangolo.com/es/,/es/,1,,es,005_es.md,2025-06-24T21:02:13.339835
https://fastapi.tiangolo.com/fa/,/fa/,1,,fa,006_fa.md,2025-06-24T21:02:13.339850
https://fastapi.tiangolo.com/fr/,/fr/,1,,fr,007_fr.md,2025-06-24T21:02:13.339864
https://fastapi.tiangolo.com/he/,/he/,1,,he,008_he.md,2025-06-24T21:02:13.339878
https://fastapi.tiangolo.com/hu/,/hu/,1,,hu,009_hu.md,2025-06-24T21:02:13.339892
https://fastapi.tiangolo.com/id/,/id/,1,,id,010_id.md,2025-06-24T21:02:13.339906
https://fastapi.tiangolo.com/it/,/it/,1,,it,011_it.md,2025-06-24T21:02:13.339920
https://fastapi.tiangolo.com/ja/,/ja/,1,,ja,012_ja.md,2025-06-24T21:02:13.339934
https://fastapi.tiangolo.com/ko/,/ko/,1,,ko,013_ko.md,2025-06-24T21:02:13.339948
https://fastapi.tiangolo.com/nl/,/nl/,1,,nl,014_nl.md,2025-06-24T21:02:13.339962
https://fastapi.tiangolo.com/pl/,/pl/,1,,pl,015_pl.md,2025-06-24T21:02:13.339976
https://fastapi.tiangolo.com/pt/,/pt/,1,,pt,016_pt.md,2025-06-24T21:02:13.339989
https://fastapi.tiangolo.com/ru/,/ru/,1,,ru,017_ru.md,2025-06-24T21:02:13.340003
https://fastapi.tiangolo.com/tr/,/tr/,1,,tr,018_tr.md,2025-06-24T21:02:13.340017
https://fastapi.tiangolo.com/uk/,/uk/,1,,uk,019_uk.md,2025-06-24T21:02:13.340031
https://fastapi.tiangolo.com/ur/,/ur/,1,,ur,020_ur.md,2025-06-24T21:02:13.340045
https://fastapi.tiangolo.com/vi/,/vi/,1,,vi,021_vi.md,2025-06-24T21:02:13.340058
https://fastapi.tiangolo.com/yo/,/yo/,1,,yo,022_yo.md,2025-06-24T21:02:13.340072
https://fastapi.tiangolo.com/zh/,/zh/,1,,zh,023_zh.md,2025-06-24T21:02:13.340086
https://fastapi.tiangolo.com/zh-hant/,/zh-hant/,1,hant,zh-hant,024_zh-hant.md,2025-06-24T21:02:13.340101
https://fastapi.tiangolo.com/em/,/em/,1,,em,025_em.md,2025-06-24T21:02:13.340115
https://fastapi.tiangolo.com/?q=,/,0,,fastapi.tiangolo.com,026_fastapi.tiangolo.com.md,2025-06-24T21:02:13.340132
https://fastapi.tiangolo.com/features/,/features/,1,features,features,027_features.md,2025-06-24T21:02:13.340149
https://fastapi.tiangolo.com/learn/,/learn/,1,learn,learn,028_learn.md,2025-06-24T21:02:13.340164
https://fastapi.tiangolo.com/reference/,/reference/,1,reference,reference,029_reference.md,2025-06-24T21:02:13.340179
https://fastapi.tiangolo.com/fastapi-people/,/fastapi-people/,1,fastapi|people,fastapi-people,030_fastapi-people.md,2025-06-24T21:02:13.340195
https://fastapi.tiangolo.com/resources/,/resources/,1,resources,resources,031_resources.md,2025-06-24T21:02:13.340211
https://fastapi.tiangolo.com/about/,/about/,1,about,about,032_about.md,2025-06-24T21:02:13.340226
https://fastapi.tiangolo.com/release-notes/,/release-notes/,1,release|notes,release-notes,033_release-notes.md,2025-06-24T21:02:13.340241
https://fastapi.tiangolo.com/python-types/,/python-types/,1,python|types,python-types,034_python-types.md,2025-06-24T21:02:13.340257
https://fastapi.tiangolo.com/async/,/async/,1,async,async,035_async.md,2025-06-24T21:02:13.340272
https://fastapi.tiangolo.com/environment-variables/,/environment-variables/,1,environment|variables,environment-variables,036_environment-variables.md,2025-06-24T21:02:13.340288
https://fastapi.tiangolo.com/virtual-environments/,/virtual-environments/,1,virtual|environments,virtual-environments,037_virtual-environments.md,2025-06-24T21:02:13.340304
https://fastapi.tiangolo.com/tutorial/,/tutorial/,1,tutorial,tutorial,038_tutorial.md,2025-06-24T21:02:13.340320
https://fastapi.tiangolo.com/tutorial/first-steps/,/tutorial/first-steps/,2,tutorial|first|steps,tutorial/first-steps,039_tutorial_first-steps.md,2025-06-24T21:02:13.340337
https://fastapi.tiangolo.com/tutorial/path-params/,/tutorial/path-params/,2,tutorial|path|params,tutorial/path-params,040_tutorial_path-params.md,2025-06-24T21:02:13.340354
https://fastapi.tiangolo.com/tutorial/query-params/,/tutorial/query-params/,2,tutorial|query|params,tutorial/query-params,041_tutorial_query-params.md,2025-06-24T21:02:13.340371
https://fastapi.tiangolo.com/tutorial/body/,/tutorial/body/,2,tutorial|body,tutorial/body,042_tutorial_body.md,2025-06-24T21:02:13.340388
https://fastapi.tiangolo.com/tutorial/query-params-str-validations/,/tutorial/query-params-str-validations/,2,tutorial|query|params|str|validations,tutorial/query-params-str-validations,043_tutorial_query-params-str-validations.md,2025-06-24T21:02:13.340405
https://fastapi.tiangolo.com/tutorial/path-params-numeric-validations/,/tutorial/path-params-numeric-validations/,2,tutorial|path|params|numeric|validations,tutorial/path-params-numeric-validations,044_tutorial_path-params-numeric-validations.md,2025-06-24T21:02:13.340427
https://fastapi.tiangolo.com/tutorial/query-param-models/,/tutorial/query-param-models/,2,tutorial|query|param|models,tutorial/query-param-models,045_tutorial_query-param-models.md,2025-06-24T21:02:13.340445
https://fastapi.tiangolo.com/tutorial/body-multiple-params/,/tutorial/body-multiple-params/,2,tutorial|body|multiple|params,tutorial/body-multiple-params,046_tutorial_body-multiple-params.md,2025-06-24T21:02:13.340463
https://fastapi.tiangolo.com/tutorial/body-fields/,/tutorial/body-fields/,2,tutorial|body|fields,tutorial/body-fields,047_tutorial_body-fields.md,2025-06-24T21:02:13.340480
https://fastapi.tiangolo.com/tutorial/body-nested-models/,/tutorial/body-nested-models/,2,tutorial|body|nested|models,tutorial/body-nested-models,048_tutorial_body-nested-models.md,2025-06-24T21:02:13.340497
https://fastapi.tiangolo.com/tutorial/schema-extra-example/,/tutorial/schema-extra-example/,2,tutorial|schema|extra|example,tutorial/schema-extra-example,049_tutorial_schema-extra-example.md,2025-06-24T21:02:13.340515
https://fastapi.tiangolo.com/tutorial/extra-data-types/,/tutorial/extra-data-types/,2,tutorial|extra|data|types,tutorial/extra-data-types,050_tutorial_extra-data-types.md,2025-06-24T21:02:13.340532
https://fastapi.tiangolo.com/tutorial/cookie-params/,/tutorial/cookie-params/,2,tutorial|cookie|params,tutorial/cookie-params,051_tutorial_cookie-params.md,2025-06-24T21:02:13.340549
https://fastapi.tiangolo.com/tutorial/header-params/,/tutorial/header-params/,2,tutorial|header|params,tutorial/header-params,052_tutorial_header-params.md,2025-06-24T21:02:13.340566
https://fastapi.tiangolo.com/tutorial/cookie-param-models/,/tutorial/cookie-param-models/,2,tutorial|cookie|param|models,tutorial/cookie-param-models,053_tutorial_cookie-param-models.md,2025-06-24T21:02:13.340583
https://fastapi.tiangolo.com/tutorial/header-param-models/,/tutorial/header-param-models/,2,tutorial|header|param|models,tutorial/header-param-models,054_tutorial_header-param-models.md,2025-06-24T21:02:13.340601
https://fastapi.tiangolo.com/tutorial/response-model/,/tutorial/response-model/,2,tutorial|response|model,tutorial/response-model,055_tutorial_response-model.md,2025-06-24T21:02:13.340618
https://fastapi.tiangolo.com/tutorial/extra-models/,/tutorial/extra-models/,2,tutorial|extra|models,tutorial/extra-models,056_tutorial_extra-models.md,2025-06-24T21:02:13.340635
https://fastapi.tiangolo.com/tutorial/response-status-code/,/tutorial/response-status-code/,2,tutorial|response|status|code,tutorial/response-status-code,057_tutorial_response-status-code.md,2025-06-24T21:02:13.340652
https://fastapi.tiangolo.com/tutorial/request-forms/,/tutorial/request-forms/,2,tutorial|request|forms,tutorial/request-forms,058_tutorial_request-forms.md,2025-06-24T21:02:13.340670
https://fastapi.tiangolo.com/tutorial/request-form-models/,/tutorial/request-form-models/,2,tutorial|request|form|models,tutorial/request-form-models,059_tutorial_request-form-models.md,2025-06-24T21:02:13.340686
https://fastapi.tiangolo.com/tutorial/request-files/,/tutorial/request-files/,2,tutorial|request|files,tutorial/request-files,060_tutorial_request-files.md,2025-06-24T21:02:13.340702
https://fastapi.tiangolo.com/tutorial/request-forms-and-files/,/tutorial/request-forms-and-files/,2,tutorial|request|forms|and|files,tutorial/request-forms-and-files,061_tutorial_request-forms-and-files.md,2025-06-24T21:02:13.340751
https://fastapi.tiangolo.com/tutorial/handling-errors/,/tutorial/handling-errors/,2,tutorial|handling|errors,tutorial/handling-errors,062_tutorial_handling-errors.md,2025-06-24T21:02:13.340769
https://fastapi.tiangolo.com/tutorial/path-operation-configuration/,/tutorial/path-operation-configuration/,2,tutorial|path|operation|configuration,tutorial/path-operation-configuration,063_tutorial_path-operation-configuration.md,2025-06-24T21:02:13.340787
https://fastapi.tiangolo.com/tutorial/encoder/,/tutorial/encoder/,2,tutorial|encoder,tutorial/encoder,064_tutorial_encoder.md,2025-06-24T21:02:13.340804
https://fastapi.tiangolo.com/tutorial/body-updates/,/tutorial/body-updates/,2,tutorial|body|updates,tutorial/body-updates,065_tutorial_body-updates.md,2025-06-24T21:02:13.340820
https://fastapi.tiangolo.com/tutorial/dependencies/,/tutorial/dependencies/,2,tutorial|dependencies,tutorial/dependencies,066_tutorial_dependencies.md,2025-06-24T21:02:13.340836
https://fastapi.tiangolo.com/tutorial/dependencies/classes-as-dependencies/,/tutorial/dependencies/classes-as-dependencies/,3,tutorial|dependencies|classes|dependencies,tutorial/dependencies/classes-as-dependencies,067_tutorial_dependencies_classes-as-dependencies.md,2025-06-24T21:02:13.340854
https://fastapi.tiangolo.com/tutorial/dependencies/sub-dependencies/,/tutorial/dependencies/sub-dependencies/,3,tutorial|dependencies|sub|dependencies,tutorial/dependencies/sub-dependencies,068_tutorial_dependencies_sub-dependencies.md,2025-06-24T21:02:13.340872
https://fastapi.tiangolo.com/tutorial/dependencies/dependencies-in-path-operation-decorators/,/tutorial/dependencies/dependencies-in-path-operation-decorators/,3,tutorial|dependencies|dependencies|path|operation,tutorial/dependencies/dependencies-in-path-operation-decorators,069_tutorial_dependencies_dependencies-in-path-operation-decorators.md,2025-06-24T21:02:13.340892
https://fastapi.tiangolo.com/tutorial/dependencies/global-dependencies/,/tutorial/dependencies/global-dependencies/,3,tutorial|dependencies|global|dependencies,tutorial/dependencies/global-dependencies,070_tutorial_dependencies_global-dependencies.md,2025-06-24T21:02:13.340911
https://fastapi.tiangolo.com/tutorial/dependencies/dependencies-with-yield/,/tutorial/dependencies/dependencies-with-yield/,3,tutorial|dependencies|dependencies|with|yield,tutorial/dependencies/dependencies-with-yield,071_tutorial_dependencies_dependencies-with-yield.md,2025-06-24T21:02:13.340930
https://fastapi.tiangolo.com/tutorial/security/,/tutorial/security/,2,tutorial|security,tutorial/security,072_tutorial_security.md,2025-06-24T21:02:13.340947
https://fastapi.tiangolo.com/tutorial/security/first-steps/,/tutorial/security/first-steps/,3,tutorial|security|first|steps,tutorial/security/first-steps,073_tutorial_security_first-steps.md,2025-06-24T21:02:13.340964
https://fastapi.tiangolo.com/tutorial/security/get-current-user/,/tutorial/security/get-current-user/,3,tutorial|security|get|current|user,tutorial/security/get-current-user,074_tutorial_security_get-current-user.md,2025-06-24T21:02:13.340982
https://fastapi.tiangolo.com/tutorial/security/simple-oauth2/,/tutorial/security/simple-oauth2/,3,tutorial|security|simple|oauth2,tutorial/security/simple-oauth2,075_tutorial_security_simple-oauth2.md,2025-06-24T21:02:13.341000
https://fastapi.tiangolo.com/tutorial/security/oauth2-jwt/,/tutorial/security/oauth2-jwt/,3,tutorial|security|oauth2|jwt,tutorial/security/oauth2-jwt,076_tutorial_security_oauth2-jwt.md,2025-06-24T21:02:13.341018
https://fastapi.tiangolo.com/tutorial/middleware/,/tutorial/middleware/,2,tutorial|middleware,tutorial/middleware,077_tutorial_middleware.md,2025-06-24T21:02:13.341035
https://fastapi.tiangolo.com/tutorial/cors/,/tutorial/cors/,2,tutorial|cors,tutorial/cors,078_tutorial_cors.md,2025-06-24T21:02:13.341051
https://fastapi.tiangolo.com/tutorial/sql-databases/,/tutorial/sql-databases/,2,tutorial|sql|databases,tutorial/sql-databases,079_tutorial_sql-databases.md,2025-06-24T21:02:13.341066
https://fastapi.tiangolo.com/tutorial/bigger-applications/,/tutorial/bigger-applications/,2,tutorial|bigger|applications,tutorial/bigger-applications,080_tutorial_bigger-applications.md,2025-06-24T21:02:13.341083
https://fastapi.tiangolo.com/tutorial/background-tasks/,/tutorial/background-tasks/,2,tutorial|background|tasks,tutorial/background-tasks,081_tutorial_background-tasks.md,2025-06-24T21:02:13.341100
https://fastapi.tiangolo.com/tutorial/metadata/,/tutorial/metadata/,2,tutorial|metadata,tutorial/metadata,082_tutorial_metadata.md,2025-06-24T21:02:13.341116
https://fastapi.tiangolo.com/tutorial/static-files/,/tutorial/static-files/,2,tutorial|static|files,tutorial/static-files,083_tutorial_static-files.md,2025-06-24T21:02:13.341132
https://fastapi.tiangolo.com/tutorial/testing/,/tutorial/testing/,2,tutorial|testing,tutorial/testing,084_tutorial_testing.md,2025-06-24T21:02:13.341153
https://fastapi.tiangolo.com/tutorial/debugging/,/tutorial/debugging/,2,tutorial|debugging,tutorial/debugging,085_tutorial_debugging.md,2025-06-24T21:02:13.341170
https://fastapi.tiangolo.com/advanced/,/advanced/,1,advanced,advanced,086_advanced.md,2025-06-24T21:02:13.341186
https://fastapi.tiangolo.com/advanced/path-operation-advanced-configuration/,/advanced/path-operation-advanced-configuration/,2,advanced|path|operation|advanced|configuration,advanced/path-operation-advanced-configuration,087_advanced_path-operation-advanced-configuration.md,2025-06-24T21:02:13.341203
https://fastapi.tiangolo.com/advanced/additional-status-codes/,/advanced/additional-status-codes/,2,advanced|additional|status|codes,advanced/additional-status-codes,088_advanced_additional-status-codes.md,2025-06-24T21:02:13.341222
https://fastapi.tiangolo.com/advanced/response-directly/,/advanced/response-directly/,2,advanced|response|directly,advanced/response-directly,089_advanced_response-directly.md,2025-06-24T21:02:13.341240
https://fastapi.tiangolo.com/advanced/custom-response/,/advanced/custom-response/,2,advanced|custom|response,advanced/custom-response,090_advanced_custom-response.md,2025-06-24T21:02:13.341257
https://fastapi.tiangolo.com/advanced/additional-responses/,/advanced/additional-responses/,2,advanced|additional|responses,advanced/additional-responses,091_advanced_additional-responses.md,2025-06-24T21:02:13.341274
https://fastapi.tiangolo.com/advanced/response-cookies/,/advanced/response-cookies/,2,advanced|response|cookies,advanced/response-cookies,092_advanced_response-cookies.md,2025-06-24T21:02:13.341291
https://fastapi.tiangolo.com/advanced/response-headers/,/advanced/response-headers/,2,advanced|response|headers,advanced/response-headers,093_advanced_response-headers.md,2025-06-24T21:02:13.341308
https://fastapi.tiangolo.com/advanced/response-change-status-code/,/advanced/response-change-status-code/,2,advanced|response|change|status|code,advanced/response-change-status-code,094_advanced_response-change-status-code.md,2025-06-24T21:02:13.341326
https://fastapi.tiangolo.com/advanced/advanced-dependencies/,/advanced/advanced-dependencies/,2,advanced|advanced|dependencies,advanced/advanced-dependencies,095_advanced_advanced-dependencies.md,2025-06-24T21:02:13.341344
https://fastapi.tiangolo.com/advanced/security/,/advanced/security/,2,advanced|security,advanced/security,096_advanced_security.md,2025-06-24T21:02:13.341361
https://fastapi.tiangolo.com/advanced/security/oauth2-scopes/,/advanced/security/oauth2-scopes/,3,advanced|security|oauth2|scopes,advanced/security/oauth2-scopes,097_advanced_security_oauth2-scopes.md,2025-06-24T21:02:13.341378
https://fastapi.tiangolo.com/advanced/security/http-basic-auth/,/advanced/security/http-basic-auth/,3,advanced|security|http|basic|auth,advanced/security/http-basic-auth,098_advanced_security_http-basic-auth.md,2025-06-24T21:02:13.341396
https://fastapi.tiangolo.com/advanced/using-request-directly/,/advanced/using-request-directly/,2,advanced|using|request|directly,advanced/using-request-directly,099_advanced_using-request-directly.md,2025-06-24T21:02:13.341414
https://fastapi.tiangolo.com/advanced/dataclasses/,/advanced/dataclasses/,2,advanced|dataclasses,advanced/dataclasses,100_advanced_dataclasses.md,2025-06-24T21:02:13.341447
https://fastapi.tiangolo.com/advanced/middleware/,/advanced/middleware/,2,advanced|middleware,advanced/middleware,101_advanced_middleware.md,2025-06-24T21:02:13.341464
https://fastapi.tiangolo.com/advanced/sub-applications/,/advanced/sub-applications/,2,advanced|sub|applications,advanced/sub-applications,102_advanced_sub-applications.md,2025-06-24T21:02:13.341481
https://fastapi.tiangolo.com/advanced/behind-a-proxy/,/advanced/behind-a-proxy/,2,advanced|behind|proxy,advanced/behind-a-proxy,103_advanced_behind-a-proxy.md,2025-06-24T21:02:13.341499
https://fastapi.tiangolo.com/advanced/templates/,/advanced/templates/,2,advanced|templates,advanced/templates,104_advanced_templates.md,2025-06-24T21:02:13.341515
https://fastapi.tiangolo.com/advanced/websockets/,/advanced/websockets/,2,advanced|websockets,advanced/websockets,105_advanced_websockets.md,2025-06-24T21:02:13.341531
https://fastapi.tiangolo.com/advanced/events/,/advanced/events/,2,advanced|events,advanced/events,106_advanced_events.md,2025-06-24T21:02:13.341547
https://fastapi.tiangolo.com/advanced/testing-websockets/,/advanced/testing-websockets/,2,advanced|testing|websockets,advanced/testing-websockets,107_advanced_testing-websockets.md,2025-06-24T21:02:13.341564
https://fastapi.tiangolo.com/advanced/testing-events/,/advanced/testing-events/,2,advanced|testing|events,advanced/testing-events,108_advanced_testing-events.md,2025-06-24T21:02:13.341581
https://fastapi.tiangolo.com/advanced/testing-dependencies/,/advanced/testing-dependencies/,2,advanced|testing|dependencies,advanced/testing-dependencies,109_advanced_testing-dependencies.md,2025-06-24T21:02:13.341598
https://fastapi.tiangolo.com/advanced/async-tests/,/advanced/async-tests/,2,advanced|async|tests,advanced/async-tests,110_advanced_async-tests.md,2025-06-24T21:02:13.341615
https://fastapi.tiangolo.com/advanced/settings/,/advanced/settings/,2,advanced|settings,advanced/settings,111_advanced_settings.md,2025-06-24T21:02:13.341631
https://fastapi.tiangolo.com/advanced/openapi-callbacks/,/advanced/openapi-callbacks/,2,advanced|openapi|callbacks,advanced/openapi-callbacks,112_advanced_openapi-callbacks.md,2025-06-24T21:02:13.341648
https://fastapi.tiangolo.com/advanced/openapi-webhooks/,/advanced/openapi-webhooks/,2,advanced|openapi|webhooks,advanced/openapi-webhooks,113_advanced_openapi-webhooks.md,2025-06-24T21:02:13.341665
https://fastapi.tiangolo.com/advanced/wsgi/,/advanced/wsgi/,2,advanced|wsgi,advanced/wsgi,114_advanced_wsgi.md,2025-06-24T21:02:13.341681
https://fastapi.tiangolo.com/advanced/generate-clients/,/advanced/generate-clients/,2,advanced|generate|clients,advanced/generate-clients,115_advanced_generate-clients.md,2025-06-24T21:02:13.341697
https://fastapi.tiangolo.com/fastapi-cli/,/fastapi-cli/,1,fastapi|cli,fastapi-cli,116_fastapi-cli.md,2025-06-24T21:02:13.341713
https://fastapi.tiangolo.com/deployment/,/deployment/,1,deployment,deployment,117_deployment.md,2025-06-24T21:02:13.341728
https://fastapi.tiangolo.com/deployment/versions/,/deployment/versions/,2,deployment|versions,deployment/versions,118_deployment_versions.md,2025-06-24T21:02:13.341743
https://fastapi.tiangolo.com/deployment/https/,/deployment/https/,2,deployment|https,deployment/https,119_deployment_https.md,2025-06-24T21:02:13.341759
https://fastapi.tiangolo.com/deployment/manually/,/deployment/manually/,2,deployment|manually,deployment/manually,120_deployment_manually.md,2025-06-24T21:02:13.341774
https://fastapi.tiangolo.com/deployment/concepts/,/deployment/concepts/,2,deployment|concepts,deployment/concepts,121_deployment_concepts.md,2025-06-24T21:02:13.341790
https://fastapi.tiangolo.com/deployment/cloud/,/deployment/cloud/,2,deployment|cloud,deployment/cloud,122_deployment_cloud.md,2025-06-24T21:02:13.341806
https://fastapi.tiangolo.com/deployment/server-workers/,/deployment/server-workers/,2,deployment|server|workers,deployment/server-workers,123_deployment_server-workers.md,2025-06-24T21:02:13.341822
https://fastapi.tiangolo.com/deployment/docker/,/deployment/docker/,2,deployment|docker,deployment/docker,124_deployment_docker.md,2025-06-24T21:02:13.341838
https://fastapi.tiangolo.com/how-to/,/how-to/,1,how,how-to,125_how-to.md,2025-06-24T21:02:13.341853
https://fastapi.tiangolo.com/how-to/general/,/how-to/general/,2,how|general,how-to/general,126_how-to_general.md,2025-06-24T21:02:13.341868
https://fastapi.tiangolo.com/how-to/graphql/,/how-to/graphql/,2,how|graphql,how-to/graphql,127_how-to_graphql.md,2025-06-24T21:02:13.341884
https://fastapi.tiangolo.com/how-to/custom-request-and-route/,/how-to/custom-request-and-route/,2,how|custom|request|and|route,how-to/custom-request-and-route,128_how-to_custom-request-and-route.md,2025-06-24T21:02:13.341902
https://fastapi.tiangolo.com/how-to/conditional-openapi/,/how-to/conditional-openapi/,2,how|conditional|openapi,how-to/conditional-openapi,129_how-to_conditional-openapi.md,2025-06-24T21:02:13.341919
https://fastapi.tiangolo.com/how-to/extending-openapi/,/how-to/extending-openapi/,2,how|extending|openapi,how-to/extending-openapi,130_how-to_extending-openapi.md,2025-06-24T21:02:13.341936
https://fastapi.tiangolo.com/how-to/separate-openapi-schemas/,/how-to/separate-openapi-schemas/,2,how|separate|openapi|schemas,how-to/separate-openapi-schemas,131_how-to_separate-openapi-schemas.md,2025-06-24T21:02:13.341953
https://fastapi.tiangolo.com/how-to/custom-docs-ui-assets/,/how-to/custom-docs-ui-assets/,2,how|custom|docs|assets,how-to/custom-docs-ui-assets,132_how-to_custom-docs-ui-assets.md,2025-06-24T21:02:13.341971
https://fastapi.tiangolo.com/how-to/configure-swagger-ui/,/how-to/configure-swagger-ui/,2,how|configure|swagger,how-to/configure-swagger-ui,133_how-to_configure-swagger-ui.md,2025-06-24T21:02:13.341988
https://fastapi.tiangolo.com/how-to/testing-database/,/how-to/testing-database/,2,how|testing|database,how-to/testing-database,134_how-to_testing-database.md,2025-06-24T21:02:13.342004
https://fastapi.tiangolo.com/reference/fastapi/,/reference/fastapi/,2,reference|fastapi,reference/fastapi,135_reference_fastapi.md,2025-06-24T21:02:13.342020
https://fastapi.tiangolo.com/reference/parameters/,/reference/parameters/,2,reference|parameters,reference/parameters,136_reference_parameters.md,2025-06-24T21:02:13.342036
https://fastapi.tiangolo.com/reference/status/,/reference/status/,2,reference|status,reference/status,137_reference_status.md,2025-06-24T21:02:13.342051
https://fastapi.tiangolo.com/reference/uploadfile/,/reference/uploadfile/,2,reference|uploadfile,reference/uploadfile,138_reference_uploadfile.md,2025-06-24T21:02:13.342067
https://fastapi.tiangolo.com/reference/exceptions/,/reference/exceptions/,2,reference|exceptions,reference/exceptions,139_reference_exceptions.md,2025-06-24T21:02:13.342083
https://fastapi.tiangolo.com/reference/dependencies/,/reference/dependencies/,2,reference|dependencies,reference/dependencies,140_reference_dependencies.md,2025-06-24T21:02:13.342099
https://fastapi.tiangolo.com/reference/apirouter/,/reference/apirouter/,2,reference|apirouter,reference/apirouter,141_reference_apirouter.md,2025-06-24T21:02:13.342115
https://fastapi.tiangolo.com/reference/background/,/reference/background/,2,reference|background,reference/background,142_reference_background.md,2025-06-24T21:02:13.342131
https://fastapi.tiangolo.com/reference/request/,/reference/request/,2,reference|request,reference/request,143_reference_request.md,2025-06-24T21:02:13.342147
https://fastapi.tiangolo.com/reference/websockets/,/reference/websockets/,2,reference|websockets,reference/websockets,144_reference_websockets.md,2025-06-24T21:02:13.342163
https://fastapi.tiangolo.com/reference/httpconnection/,/reference/httpconnection/,2,reference|httpconnection,reference/httpconnection,145_reference_httpconnection.md,2025-06-24T21:02:13.342180
https://fastapi.tiangolo.com/reference/response/,/reference/response/,2,reference|response,reference/response,146_reference_response.md,2025-06-24T21:02:13.342196
https://fastapi.tiangolo.com/reference/responses/,/reference/responses/,2,reference|responses,reference/responses,147_reference_responses.md,2025-06-24T21:02:13.342224
https://fastapi.tiangolo.com/reference/middleware/,/reference/middleware/,2,reference|middleware,reference/middleware,148_reference_middleware.md,2025-06-24T21:02:13.342240
https://fastapi.tiangolo.com/reference/openapi/,/reference/openapi/,2,reference|openapi,reference/openapi,149_reference_openapi.md,2025-06-24T21:02:13.342256
https://fastapi.tiangolo.com/reference/openapi/docs/,/reference/openapi/docs/,3,reference|openapi|docs,reference/openapi/docs,150_reference_openapi_docs.md,2025-06-24T21:02:13.342273
https://fastapi.tiangolo.com/reference/openapi/models/,/reference/openapi/models/,3,reference|openapi|models,reference/openapi/models,151_reference_openapi_models.md,2025-06-24T21:02:13.342290
https://fastapi.tiangolo.com/reference/security/,/reference/security/,2,reference|security,reference/security,152_reference_security.md,2025-06-24T21:02:13.342306
https://fastapi.tiangolo.com/reference/encoders/,/reference/encoders/,2,reference|encoders,reference/encoders,153_reference_encoders.md,2025-06-24T21:02:13.342322
https://fastapi.tiangolo.com/reference/staticfiles/,/reference/staticfiles/,2,reference|staticfiles,reference/staticfiles,154_reference_staticfiles.md,2025-06-24T21:02:13.342338
https://fastapi.tiangolo.com/reference/templating/,/reference/templating/,2,reference|templating,reference/templating,155_reference_templating.md,2025-06-24T21:02:13.342354
https://fastapi.tiangolo.com/reference/testclient/,/reference/testclient/,2,reference|testclient,reference/testclient,156_reference_testclient.md,2025-06-24T21:02:13.342370
https://fastapi.tiangolo.com/help-fastapi/,/help-fastapi/,1,help|fastapi,help-fastapi,157_help-fastapi.md,2025-06-24T21:02:13.342386
https://fastapi.tiangolo.com/contributing/,/contributing/,1,contributing,contributing,158_contributing.md,2025-06-24T21:02:13.342402
https://fastapi.tiangolo.com/project-generation/,/project-generation/,1,project|generation,project-generation,159_project-generation.md,2025-06-24T21:02:13.342417
https://fastapi.tiangolo.com/external-links/,/external-links/,1,external|links,external-links,160_external-links.md,2025-06-24T21:02:13.342433
https://fastapi.tiangolo.com/management-tasks/,/management-tasks/,1,management|tasks,management-tasks,161_management-tasks.md,2025-06-24T21:02:13.342449
https://fastapi.tiangolo.com/alternatives/,/alternatives/,1,alternatives,alternatives,162_alternatives.md,2025-06-24T21:02:13.342464
https://fastapi.tiangolo.com/history-design-future/,/history-design-future/,1,history|design|future,history-design-future,163_history-design-future.md,2025-06-24T21:02:13.342479
https://fastapi.tiangolo.com/benchmarks/,/benchmarks/,1,benchmarks,benchmarks,164_benchmarks.md,2025-06-24T21:02:13.342495
https://fastapi.tiangolo.com/management/,/management/,1,management,management,165_management.md,2025-06-24T21:02:13.342510
https://fastapi.tiangolo.com,,0,,fastapi.tiangolo.com,166_fastapi.tiangolo.com.md,2025-06-24T21:02:13.342526
https://typer.tiangolo.com,,0,,typer.tiangolo.com,167_typer.tiangolo.com.md,2025-06-24T21:02:13.342541
https://typer.tiangolo.com/,/,0,,typer.tiangolo.com,168_typer.tiangolo.com.md,2025-06-24T21:02:13.342556
https://tiangolo.com,,0,,tiangolo.com,169_tiangolo.com.md,2025-06-24T21:02:13.342570
