https://fastapi.tiangolo.com/newsletter/,page_001_newsletter.md
https://fastapi.tiangolo.com/az/,page_002_az.md
https://fastapi.tiangolo.com/bn/,page_003_bn.md
https://fastapi.tiangolo.com/de/,page_004_de.md
https://fastapi.tiangolo.com/es/,page_005_es.md
https://fastapi.tiangolo.com/fa/,page_006_fa.md
https://fastapi.tiangolo.com/fr/,page_007_fr.md
https://fastapi.tiangolo.com/he/,page_008_he.md
https://fastapi.tiangolo.com/hu/,page_009_hu.md
https://fastapi.tiangolo.com/id/,page_010_id.md
https://fastapi.tiangolo.com/it/,page_011_it.md
https://fastapi.tiangolo.com/ja/,page_012_ja.md
https://fastapi.tiangolo.com/ko/,page_013_ko.md
https://fastapi.tiangolo.com/nl/,page_014_nl.md
https://fastapi.tiangolo.com/pl/,page_015_pl.md
https://fastapi.tiangolo.com/pt/,page_016_pt.md
https://fastapi.tiangolo.com/ru/,page_017_ru.md
https://fastapi.tiangolo.com/tr/,page_018_tr.md
https://fastapi.tiangolo.com/uk/,page_019_uk.md
https://fastapi.tiangolo.com/ur/,page_020_ur.md
https://fastapi.tiangolo.com/vi/,page_021_vi.md
https://fastapi.tiangolo.com/yo/,page_022_yo.md
https://fastapi.tiangolo.com/zh/,page_023_zh.md
https://fastapi.tiangolo.com/zh-hant/,page_024_zh-hant.md
https://fastapi.tiangolo.com/em/,page_025_em.md
https://fastapi.tiangolo.com/?q=,page_026_fastapi.tiangolo.com.md
https://fastapi.tiangolo.com/features/,page_027_features.md
https://fastapi.tiangolo.com/learn/,page_028_learn.md
https://fastapi.tiangolo.com/reference/,page_029_reference.md
https://fastapi.tiangolo.com/fastapi-people/,page_030_fastapi-people.md
https://fastapi.tiangolo.com/resources/,page_031_resources.md
https://fastapi.tiangolo.com/about/,page_032_about.md
https://fastapi.tiangolo.com/release-notes/,page_033_release-notes.md
https://fastapi.tiangolo.com/python-types/,page_034_python-types.md
https://fastapi.tiangolo.com/async/,page_035_async.md
https://fastapi.tiangolo.com/environment-variables/,page_036_environment-variables.md
https://fastapi.tiangolo.com/virtual-environments/,page_037_virtual-environments.md
https://fastapi.tiangolo.com/tutorial/,page_038_tutorial.md
https://fastapi.tiangolo.com/tutorial/first-steps/,page_039_tutorial_first-steps.md
https://fastapi.tiangolo.com/tutorial/path-params/,page_040_tutorial_path-params.md
https://fastapi.tiangolo.com/tutorial/query-params/,page_041_tutorial_query-params.md
https://fastapi.tiangolo.com/tutorial/body/,page_042_tutorial_body.md
https://fastapi.tiangolo.com/tutorial/query-params-str-validations/,page_043_tutorial_query-params-str-validations.md
https://fastapi.tiangolo.com/tutorial/path-params-numeric-validations/,page_044_tutorial_path-params-numeric-validations.md
https://fastapi.tiangolo.com/tutorial/query-param-models/,page_045_tutorial_query-param-models.md
https://fastapi.tiangolo.com/tutorial/body-multiple-params/,page_046_tutorial_body-multiple-params.md
https://fastapi.tiangolo.com/tutorial/body-fields/,page_047_tutorial_body-fields.md
https://fastapi.tiangolo.com/tutorial/body-nested-models/,page_048_tutorial_body-nested-models.md
https://fastapi.tiangolo.com/tutorial/schema-extra-example/,page_049_tutorial_schema-extra-example.md
https://fastapi.tiangolo.com/tutorial/extra-data-types/,page_050_tutorial_extra-data-types.md
https://fastapi.tiangolo.com/tutorial/cookie-params/,page_051_tutorial_cookie-params.md
https://fastapi.tiangolo.com/tutorial/header-params/,page_052_tutorial_header-params.md
https://fastapi.tiangolo.com/tutorial/cookie-param-models/,page_053_tutorial_cookie-param-models.md
https://fastapi.tiangolo.com/tutorial/header-param-models/,page_054_tutorial_header-param-models.md
https://fastapi.tiangolo.com/tutorial/response-model/,page_055_tutorial_response-model.md
https://fastapi.tiangolo.com/tutorial/extra-models/,page_056_tutorial_extra-models.md
https://fastapi.tiangolo.com/tutorial/response-status-code/,page_057_tutorial_response-status-code.md
https://fastapi.tiangolo.com/tutorial/request-forms/,page_058_tutorial_request-forms.md
https://fastapi.tiangolo.com/tutorial/request-form-models/,page_059_tutorial_request-form-models.md
https://fastapi.tiangolo.com/tutorial/request-files/,page_060_tutorial_request-files.md
https://fastapi.tiangolo.com/tutorial/request-forms-and-files/,page_061_tutorial_request-forms-and-files.md
https://fastapi.tiangolo.com/tutorial/handling-errors/,page_062_tutorial_handling-errors.md
https://fastapi.tiangolo.com/tutorial/path-operation-configuration/,page_063_tutorial_path-operation-configuration.md
https://fastapi.tiangolo.com/tutorial/encoder/,page_064_tutorial_encoder.md
https://fastapi.tiangolo.com/tutorial/body-updates/,page_065_tutorial_body-updates.md
https://fastapi.tiangolo.com/tutorial/dependencies/,page_066_tutorial_dependencies.md
https://fastapi.tiangolo.com/tutorial/dependencies/classes-as-dependencies/,page_067_tutorial_dependencies_classes-as-dependencies.md
https://fastapi.tiangolo.com/tutorial/dependencies/sub-dependencies/,page_068_tutorial_dependencies_sub-dependencies.md
https://fastapi.tiangolo.com/tutorial/dependencies/dependencies-in-path-operation-decorators/,page_069_tutorial_dependencies_dependencies-in-path-operation-decorators.md
https://fastapi.tiangolo.com/tutorial/dependencies/global-dependencies/,page_070_tutorial_dependencies_global-dependencies.md
https://fastapi.tiangolo.com/tutorial/dependencies/dependencies-with-yield/,page_071_tutorial_dependencies_dependencies-with-yield.md
https://fastapi.tiangolo.com/tutorial/security/,page_072_tutorial_security.md
https://fastapi.tiangolo.com/tutorial/security/first-steps/,page_073_tutorial_security_first-steps.md
https://fastapi.tiangolo.com/tutorial/security/get-current-user/,page_074_tutorial_security_get-current-user.md
https://fastapi.tiangolo.com/tutorial/security/simple-oauth2/,page_075_tutorial_security_simple-oauth2.md
https://fastapi.tiangolo.com/tutorial/security/oauth2-jwt/,page_076_tutorial_security_oauth2-jwt.md
https://fastapi.tiangolo.com/tutorial/middleware/,page_077_tutorial_middleware.md
https://fastapi.tiangolo.com/tutorial/cors/,page_078_tutorial_cors.md
https://fastapi.tiangolo.com/tutorial/sql-databases/,page_079_tutorial_sql-databases.md
https://fastapi.tiangolo.com/tutorial/bigger-applications/,page_080_tutorial_bigger-applications.md
https://fastapi.tiangolo.com/tutorial/background-tasks/,page_081_tutorial_background-tasks.md
https://fastapi.tiangolo.com/tutorial/metadata/,page_082_tutorial_metadata.md
https://fastapi.tiangolo.com/tutorial/static-files/,page_083_tutorial_static-files.md
https://fastapi.tiangolo.com/tutorial/testing/,page_084_tutorial_testing.md
https://fastapi.tiangolo.com/tutorial/debugging/,page_085_tutorial_debugging.md
https://fastapi.tiangolo.com/advanced/,page_086_advanced.md
https://fastapi.tiangolo.com/advanced/path-operation-advanced-configuration/,page_087_advanced_path-operation-advanced-configuration.md
https://fastapi.tiangolo.com/advanced/additional-status-codes/,page_088_advanced_additional-status-codes.md
https://fastapi.tiangolo.com/advanced/response-directly/,page_089_advanced_response-directly.md
https://fastapi.tiangolo.com/advanced/custom-response/,page_090_advanced_custom-response.md
https://fastapi.tiangolo.com/advanced/additional-responses/,page_091_advanced_additional-responses.md
https://fastapi.tiangolo.com/advanced/response-cookies/,page_092_advanced_response-cookies.md
https://fastapi.tiangolo.com/advanced/response-headers/,page_093_advanced_response-headers.md
https://fastapi.tiangolo.com/advanced/response-change-status-code/,page_094_advanced_response-change-status-code.md
https://fastapi.tiangolo.com/advanced/advanced-dependencies/,page_095_advanced_advanced-dependencies.md
https://fastapi.tiangolo.com/advanced/security/,page_096_advanced_security.md
https://fastapi.tiangolo.com/advanced/security/oauth2-scopes/,page_097_advanced_security_oauth2-scopes.md
https://fastapi.tiangolo.com/advanced/security/http-basic-auth/,page_098_advanced_security_http-basic-auth.md
https://fastapi.tiangolo.com/advanced/using-request-directly/,page_099_advanced_using-request-directly.md
https://fastapi.tiangolo.com/advanced/dataclasses/,page_100_advanced_dataclasses.md
https://fastapi.tiangolo.com/advanced/middleware/,page_101_advanced_middleware.md
https://fastapi.tiangolo.com/advanced/sub-applications/,page_102_advanced_sub-applications.md
https://fastapi.tiangolo.com/advanced/behind-a-proxy/,page_103_advanced_behind-a-proxy.md
https://fastapi.tiangolo.com/advanced/templates/,page_104_advanced_templates.md
https://fastapi.tiangolo.com/advanced/websockets/,page_105_advanced_websockets.md
https://fastapi.tiangolo.com/advanced/events/,page_106_advanced_events.md
https://fastapi.tiangolo.com/advanced/testing-websockets/,page_107_advanced_testing-websockets.md
https://fastapi.tiangolo.com/advanced/testing-events/,page_108_advanced_testing-events.md
https://fastapi.tiangolo.com/advanced/testing-dependencies/,page_109_advanced_testing-dependencies.md
https://fastapi.tiangolo.com/advanced/async-tests/,page_110_advanced_async-tests.md
https://fastapi.tiangolo.com/advanced/settings/,page_111_advanced_settings.md
https://fastapi.tiangolo.com/advanced/openapi-callbacks/,page_112_advanced_openapi-callbacks.md
https://fastapi.tiangolo.com/advanced/openapi-webhooks/,page_113_advanced_openapi-webhooks.md
https://fastapi.tiangolo.com/advanced/wsgi/,page_114_advanced_wsgi.md
https://fastapi.tiangolo.com/advanced/generate-clients/,page_115_advanced_generate-clients.md
https://fastapi.tiangolo.com/fastapi-cli/,page_116_fastapi-cli.md
https://fastapi.tiangolo.com/deployment/,page_117_deployment.md
https://fastapi.tiangolo.com/deployment/versions/,page_118_deployment_versions.md
https://fastapi.tiangolo.com/deployment/https/,page_119_deployment_https.md
https://fastapi.tiangolo.com/deployment/manually/,page_120_deployment_manually.md
https://fastapi.tiangolo.com/deployment/concepts/,page_121_deployment_concepts.md
https://fastapi.tiangolo.com/deployment/cloud/,page_122_deployment_cloud.md
https://fastapi.tiangolo.com/deployment/server-workers/,page_123_deployment_server-workers.md
https://fastapi.tiangolo.com/deployment/docker/,page_124_deployment_docker.md
https://fastapi.tiangolo.com/how-to/,page_125_how-to.md
https://fastapi.tiangolo.com/how-to/general/,page_126_how-to_general.md
https://fastapi.tiangolo.com/how-to/graphql/,page_127_how-to_graphql.md
https://fastapi.tiangolo.com/how-to/custom-request-and-route/,page_128_how-to_custom-request-and-route.md
https://fastapi.tiangolo.com/how-to/conditional-openapi/,page_129_how-to_conditional-openapi.md
https://fastapi.tiangolo.com/how-to/extending-openapi/,page_130_how-to_extending-openapi.md
https://fastapi.tiangolo.com/how-to/separate-openapi-schemas/,page_131_how-to_separate-openapi-schemas.md
https://fastapi.tiangolo.com/how-to/custom-docs-ui-assets/,page_132_how-to_custom-docs-ui-assets.md
https://fastapi.tiangolo.com/how-to/configure-swagger-ui/,page_133_how-to_configure-swagger-ui.md
https://fastapi.tiangolo.com/how-to/testing-database/,page_134_how-to_testing-database.md
https://fastapi.tiangolo.com/reference/fastapi/,page_135_reference_fastapi.md
https://fastapi.tiangolo.com/reference/parameters/,page_136_reference_parameters.md
https://fastapi.tiangolo.com/reference/status/,page_137_reference_status.md
https://fastapi.tiangolo.com/reference/uploadfile/,page_138_reference_uploadfile.md
https://fastapi.tiangolo.com/reference/exceptions/,page_139_reference_exceptions.md
https://fastapi.tiangolo.com/reference/dependencies/,page_140_reference_dependencies.md
https://fastapi.tiangolo.com/reference/apirouter/,page_141_reference_apirouter.md
https://fastapi.tiangolo.com/reference/background/,page_142_reference_background.md
https://fastapi.tiangolo.com/reference/request/,page_143_reference_request.md
https://fastapi.tiangolo.com/reference/websockets/,page_144_reference_websockets.md
https://fastapi.tiangolo.com/reference/httpconnection/,page_145_reference_httpconnection.md
https://fastapi.tiangolo.com/reference/response/,page_146_reference_response.md
https://fastapi.tiangolo.com/reference/responses/,page_147_reference_responses.md
https://fastapi.tiangolo.com/reference/middleware/,page_148_reference_middleware.md
https://fastapi.tiangolo.com/reference/openapi/,page_149_reference_openapi.md
https://fastapi.tiangolo.com/reference/openapi/docs/,page_150_reference_openapi_docs.md
https://fastapi.tiangolo.com/reference/openapi/models/,page_151_reference_openapi_models.md
https://fastapi.tiangolo.com/reference/security/,page_152_reference_security.md
https://fastapi.tiangolo.com/reference/encoders/,page_153_reference_encoders.md
https://fastapi.tiangolo.com/reference/staticfiles/,page_154_reference_staticfiles.md
https://fastapi.tiangolo.com/reference/templating/,page_155_reference_templating.md
https://fastapi.tiangolo.com/reference/testclient/,page_156_reference_testclient.md
https://fastapi.tiangolo.com/help-fastapi/,page_157_help-fastapi.md
https://fastapi.tiangolo.com/contributing/,page_158_contributing.md
https://fastapi.tiangolo.com/project-generation/,page_159_project-generation.md
https://fastapi.tiangolo.com/external-links/,page_160_external-links.md
https://fastapi.tiangolo.com/management-tasks/,page_161_management-tasks.md
https://fastapi.tiangolo.com/alternatives/,page_162_alternatives.md
https://fastapi.tiangolo.com/history-design-future/,page_163_history-design-future.md
https://fastapi.tiangolo.com/benchmarks/,page_164_benchmarks.md
https://fastapi.tiangolo.com/management/,page_165_management.md
https://fastapi.tiangolo.com,page_166_fastapi.tiangolo.com.md
https://typer.tiangolo.com,page_167_typer.tiangolo.com.md
https://typer.tiangolo.com/,page_168_typer.tiangolo.com.md
https://tiangolo.com,page_169_tiangolo.com.md
